-- phpMyAdmin SQL Dump
-- version 5.2.1
-- https://www.phpmyadmin.net/
--
-- Host: localhost
-- Generation Time: Nov 23, 2025 at 03:49 PM
-- Server version: 10.4.32-MariaDB
-- PHP Version: 8.2.12

SET SQL_MODE = "NO_AUTO_VALUE_ON_ZERO";
START TRANSACTION;
SET time_zone = "+00:00";


/*!40101 SET @OLD_CHARACTER_SET_CLIENT=@@CHARACTER_SET_CLIENT */;
/*!40101 SET @OLD_CHARACTER_SET_RESULTS=@@CHARACTER_SET_RESULTS */;
/*!40101 SET @OLD_COLLATION_CONNECTION=@@COLLATION_CONNECTION */;
/*!40101 SET NAMES utf8mb4 */;

--
-- Database: `user`
--

-- --------------------------------------------------------

--
-- Table structure for table `barang`
--

CREATE TABLE `barang` (
  `id_barang` int(11) NOT NULL,
  `nama_barang` varchar(100) NOT NULL,
  `harga_beli` int(11) NOT NULL,
  `harga_jual` int(11) NOT NULL,
  `stok` int(11) NOT NULL
) ENGINE=InnoDB DEFAULT CHARSET=utf8mb4 COLLATE=utf8mb4_general_ci;

--
-- Dumping data for table `barang`
--

INSERT INTO `barang` (`id_barang`, `nama_barang`, `harga_beli`, `harga_jual`, `stok`) VALUES
(1, 'Pensil', 1000, 2000, 100),
(2, 'Buku Tulis', 5000, 10000, 50),
(3, 'Penghapus', 2000, 4000, 80),
(4, 'Pulpen', 3000, 6000, 65);

-- --------------------------------------------------------

--
-- Table structure for table `pelanggan`
--

CREATE TABLE `pelanggan` (
  `id_pelanggan` int(11) NOT NULL,
  `nama_pelanggan` varchar(100) NOT NULL,
  `alamat` varchar(255) DEFAULT NULL,
  `hp` varchar(20) DEFAULT NULL
) ENGINE=InnoDB DEFAULT CHARSET=utf8mb4 COLLATE=utf8mb4_general_ci;

--
-- Dumping data for table `pelanggan`
--

INSERT INTO `pelanggan` (`id_pelanggan`, `nama_pelanggan`, `alamat`, `hp`) VALUES
(1, 'Alice', 'Jl. Merdeka 1', '081234567890'),
(2, 'Bob', 'Jl. Sudirman 2', '082345678901'),
(3, 'Charlie', 'Jl. Thamrin 3', '083456789012');

-- --------------------------------------------------------

--
-- Table structure for table `supplier`
--

CREATE TABLE `supplier` (
  `id_supplier` int(11) NOT NULL,
  `nama_supplier` varchar(100) NOT NULL,
  `alamat` varchar(255) DEFAULT NULL,
  `hp` varchar(30) DEFAULT NULL
) ENGINE=InnoDB DEFAULT CHARSET=utf8mb4 COLLATE=utf8mb4_general_ci;

--
-- Dumping data for table `supplier`
--

INSERT INTO `supplier` (`id_supplier`, `nama_supplier`, `alamat`, `hp`) VALUES
(1, 'Toko ATK Sejahtera', 'Jl. Mawar No. 55', '081234567890'),
(2, 'CV Sumber Makmur', 'Jl. Kenanga No. 22', '082233445567');

-- --------------------------------------------------------

--
-- Table structure for table `transaksi`
--

CREATE TABLE `transaksi` (
  `id` int(11) NOT NULL,
  `waktu_transaksi` date NOT NULL,
  `pelanggan_id` int(11) DEFAULT NULL
) ENGINE=InnoDB DEFAULT CHARSET=utf8mb4 COLLATE=utf8mb4_general_ci;

--
-- Dumping data for table `transaksi`
--

INSERT INTO `transaksi` (`id`, `waktu_transaksi`, `pelanggan_id`) VALUES
(1, '2025-11-01', 1),
(3, '2025-11-03', 3),
(4, '2025-11-04', 1),
(5, '2025-11-05', 2),
(6, '2025-11-06', 3),
(7, '2025-11-07', 1);

-- --------------------------------------------------------

--
-- Table structure for table `transaksi_detail`
--

CREATE TABLE `transaksi_detail` (
  `id` int(11) NOT NULL,
  `transaksi_id` int(11) NOT NULL,
  `barang_id` int(11) NOT NULL,
  `qty` int(11) NOT NULL,
  `harga` int(11) NOT NULL
) ENGINE=InnoDB DEFAULT CHARSET=utf8mb4 COLLATE=utf8mb4_general_ci;

--
-- Dumping data for table `transaksi_detail`
--

INSERT INTO `transaksi_detail` (`id`, `transaksi_id`, `barang_id`, `qty`, `harga`) VALUES
(1, 1, 1, 2, 2000),
(2, 1, 2, 1, 10000),
(5, 3, 2, 2, 20000),
(6, 4, 1, 5, 10000),
(7, 4, 3, 2, 8000),
(8, 5, 4, 1, 6000),
(9, 6, 1, 1, 2000),
(10, 7, 2, 3, 30000);

-- --------------------------------------------------------

--
-- Table structure for table `user`
--

CREATE TABLE `user` (
  `id_user` int(11) NOT NULL,
  `username` varchar(50) NOT NULL,
  `password` varchar(255) NOT NULL,
  `nama` varchar(100) NOT NULL,
  `alamat` varchar(255) DEFAULT NULL,
  `hp` varchar(30) DEFAULT NULL,
  `level` int(11) NOT NULL
) ENGINE=InnoDB DEFAULT CHARSET=utf8mb4 COLLATE=utf8mb4_general_ci;

--
-- Dumping data for table `user`
--

INSERT INTO `user` (`id_user`, `username`, `password`, `nama`, `alamat`, `hp`, `level`) VALUES
(1, 'owner', '$2y$10$Ca/weNc3xw1T508nG7Swsuq4AFcLm8g9jn67hxBh9OjvzpxYnuuNy', 'Admin Owner', 'Jl. Melati No.10', '081234567891', 1),
(2, 'kasir', 'de28f8f7998f23ab4194b51a6029416f', 'Kasir Satu', 'Jl. Mawar No.5', '082233445566', 2);

--
-- Indexes for dumped tables
--

--
-- Indexes for table `barang`
--
ALTER TABLE `barang`
  ADD PRIMARY KEY (`id_barang`);

--
-- Indexes for table `pelanggan`
--
ALTER TABLE `pelanggan`
  ADD PRIMARY KEY (`id_pelanggan`);

--
-- Indexes for table `supplier`
--
ALTER TABLE `supplier`
  ADD PRIMARY KEY (`id_supplier`);

--
-- Indexes for table `transaksi`
--
ALTER TABLE `transaksi`
  ADD PRIMARY KEY (`id`),
  ADD KEY `pelanggan_id` (`pelanggan_id`);

--
-- Indexes for table `transaksi_detail`
--
ALTER TABLE `transaksi_detail`
  ADD PRIMARY KEY (`id`),
  ADD KEY `transaksi_id` (`transaksi_id`),
  ADD KEY `barang_id` (`barang_id`);

--
-- Indexes for table `user`
--
ALTER TABLE `user`
  ADD PRIMARY KEY (`id_user`);

--
-- AUTO_INCREMENT for dumped tables
--

--
-- AUTO_INCREMENT for table `barang`
--
ALTER TABLE `barang`
  MODIFY `id_barang` int(11) NOT NULL AUTO_INCREMENT, AUTO_INCREMENT=5;

--
-- AUTO_INCREMENT for table `pelanggan`
--
ALTER TABLE `pelanggan`
  MODIFY `id_pelanggan` int(11) NOT NULL AUTO_INCREMENT, AUTO_INCREMENT=4;

--
-- AUTO_INCREMENT for table `supplier`
--
ALTER TABLE `supplier`
  MODIFY `id_supplier` int(11) NOT NULL AUTO_INCREMENT, AUTO_INCREMENT=3;

--
-- AUTO_INCREMENT for table `transaksi`
--
ALTER TABLE `transaksi`
  MODIFY `id` int(11) NOT NULL AUTO_INCREMENT, AUTO_INCREMENT=8;

--
-- AUTO_INCREMENT for table `transaksi_detail`
--
ALTER TABLE `transaksi_detail`
  MODIFY `id` int(11) NOT NULL AUTO_INCREMENT, AUTO_INCREMENT=11;

--
-- AUTO_INCREMENT for table `user`
--
ALTER TABLE `user`
  MODIFY `id_user` int(11) NOT NULL AUTO_INCREMENT, AUTO_INCREMENT=3;

--
-- Constraints for dumped tables
--

--
-- Constraints for table `transaksi`
--
ALTER TABLE `transaksi`
  ADD CONSTRAINT `transaksi_ibfk_1` FOREIGN KEY (`pelanggan_id`) REFERENCES `pelanggan` (`id_pelanggan`);

--
-- Constraints for table `transaksi_detail`
--
ALTER TABLE `transaksi_detail`
  ADD CONSTRAINT `transaksi_detail_ibfk_1` FOREIGN KEY (`transaksi_id`) REFERENCES `transaksi` (`id`),
  ADD CONSTRAINT `transaksi_detail_ibfk_2` FOREIGN KEY (`barang_id`) REFERENCES `barang` (`id_barang`);
COMMIT;

/*!40101 SET CHARACTER_SET_CLIENT=@OLD_CHARACTER_SET_CLIENT */;
/*!40101 SET CHARACTER_SET_RESULTS=@OLD_CHARACTER_SET_RESULTS */;
/*!40101 SET COLLATION_CONNECTION=@OLD_COLLATION_CONNECTION */;
